{
	"animations": [
		{
			"loop": false,
			"offsets": [
				-5,
				0
			],
			"anim": "idle",
			"fps": 24,
			"name": "BF idle dance",
			"indices": []
		},
		{
			"loop": false,
			"offsets": [
				38,
				-3
			],
			"anim": "singLEFT",
			"fps": 24,
			"name": "BF NOTE RIGHT0",
			"indices": []
		},
		{
			"loop": false,
			"offsets": [
				-20,
				-56
			],
			"anim": "singDOWN",
			"fps": 24,
			"name": "BF NOTE DOWN0",
			"indices": []
		},
		{
			"loop": false,
			"offsets": [
				0,
				16
			],
			"anim": "singUP",
			"fps": 24,
			"name": "BF NOTE UP0",
			"indices": []
		},
		{
			"loop": false,
			"offsets": [
				-39,
				-2
			],
			"anim": "singRIGHT",
			"fps": 24,
			"name": "BF NOTE LEFT0",
			"indices": []
		},
		{
			"loop": false,
			"offsets": [
				7,
				19
			],
			"anim": "singLEFTmiss",
			"fps": 24,
			"name": "BF NOTE LEFT MISS",
			"indices": []
		},
		{
			"loop": false,
			"offsets": [
				-15,
				-19
			],
			"anim": "singDOWNmiss",
			"fps": 24,
			"name": "BF NOTE DOWN MISS",
			"indices": []
		},
		{
			"loop": false,
			"offsets": [
				-46,
				27
			],
			"anim": "singUPmiss",
			"fps": 24,
			"name": "BF NOTE UP MISS",
			"indices": []
		},
		{
			"loop": false,
			"offsets": [
				-44,
				22
			],
			"anim": "singRIGHTmiss",
			"fps": 24,
			"name": "BF NOTE RIGHT MISS",
			"indices": []
		},
		{
			"loop": false,
			"offsets": [
				-3,
				5
			],
			"anim": "hey",
			"fps": 24,
			"name": "BF HEY",
			"indices": []
		},
		{
			"loop": false,
			"offsets": [
				14,
				18
			],
			"anim": "hurt",
			"fps": 24,
			"name": "BF hit",
			"indices": []
		},
		{
			"loop": true,
			"offsets": [
				-4,
				0
			],
			"anim": "scared",
			"fps": 24,
			"name": "BF idle shaking",
			"indices": []
		},
		{
			"loop": false,
			"offsets": [
				-10,
				-16
			],
			"anim": "dodge",
			"fps": 24,
			"name": "boyfriend dodge",
			"indices": []
		},
		{
			"loop": false,
			"offsets": [
				294,
				267
			],
			"anim": "attack",
			"fps": 24,
			"name": "boyfriend attack",
			"indices": []
		},
		{
			"loop": false,
			"offsets": [
				-40,
				-40
			],
			"anim": "pre-attack",
			"fps": 24,
			"name": "bf pre attack",
			"indices": []
		}
	],
	"no_antialiasing": false,
	"image": "characters/BfShadow",
	"position": [
		0,
		350
	],
	"healthicon": "bf",
	"flip_x": false,
	"healthbar_colors": [
		9,
		136,
		229
	],
	"camera_position": [
		-140,
		70
	],
	"sing_duration": 4,
	"scale": 1
}