{
	"animations": [
		{
			"offsets": [
				62,
				-2
			],
			"loop": false,
			"fps": 24,
			"anim": "singLEFT",
			"indices": [],
			"name": "RED LEFT"
		},
		{
			"offsets": [
				-1,
				-3
			],
			"loop": false,
			"fps": 24,
			"anim": "singDOWN",
			"indices": [],
			"name": "RED DOWN"
		},
		{
			"offsets": [
				45,
				-3
			],
			"loop": false,
			"fps": 24,
			"anim": "singUP",
			"indices": [],
			"name": "RED UP"
		},
		{
			"offsets": [
				0,
				-3
			],
			"loop": false,
			"fps": 24,
			"anim": "singRIGHT",
			"indices": [],
			"name": "RED RIGHT"
		},
		{
			"offsets": [
				0,
				0
			],
			"loop": false,
			"fps": 24,
			"anim": "danceLeft",
			"indices": [
				0,
				1,
				2,
				3,
				4,
				5,
				6,
				7,
				8,
				9,
				10,
				11,
				12,
				13,
				14,
				15,
				16,
				17,
				18,
				19,
				20,
				21,
				22,
				23
			],
			"name": "RED IDLE"
		},
		{
			"offsets": [
				0,
				0
			],
			"loop": false,
			"fps": 24,
			"anim": "danceRight",
			"indices": [
				24,
				25,
				26,
				27,
				28,
				29,
				30,
				31,
				32,
				33,
				34,
				35,
				36,
				37,
				38,
				39,
				40,
				41,
				42,
				43,
				44,
				45,
				46,
				47
			],
			"name": "RED IDLE"
		},
		{
			"loop": false,
			"offsets": [
				-380,
				-392
			],
			"anim": "she comes",
			"fps": 24,
			"name": "she comes",
			"indices": []
		}
	],
	"no_antialiasing": false,
	"image": "characters/GIRLF-RED",
	"position": [
		-580,
		-670
	],
	"healthicon": "girlfraud-1",
	"flip_x": false,
	"healthbar_colors": [
		166,
		0,
		76
	],
	"camera_position": [
		120,
		490
	],
	"sing_duration": 6.1,
	"scale": 0.7
}