{
	"animations": [
		{
			"offsets": [
				0,
				0
			],
			"loop": false,
			"fps": 24,
			"anim": "idle-alt",
			"indices": [],
			"name": "idleALT"
		},
		{
			"offsets": [
				8,
				-1
			],
			"loop": false,
			"fps": 24,
			"anim": "singDOWN-alt",
			"indices": [],
			"name": "downALT"
		},
		{
			"offsets": [
				-15,
				0
			],
			"loop": false,
			"fps": 24,
			"anim": "singUP-alt",
			"indices": [],
			"name": "upALT"
		},
		{
			"offsets": [
				-5,
				0
			],
			"loop": false,
			"fps": 24,
			"anim": "singRIGHT-alt",
			"indices": [],
			"name": "rightALT"
		},
		{
			"offsets": [
				-8,
				0
			],
			"loop": false,
			"fps": 24,
			"anim": "singLEFT-alt",
			"indices": [],
			"name": "leftALT"
		},
		{
			"offsets": [
				480,
				11
			],
			"loop": false,
			"fps": 24,
			"anim": "singUP",
			"indices": [],
			"name": "UP0"
		},
		{
			"offsets": [
				476,
				-11
			],
			"loop": false,
			"fps": 24,
			"anim": "singRIGHT",
			"indices": [],
			"name": "RIGHT0"
		},
		{
			"offsets": [
				221,
				-180
			],
			"loop": false,
			"fps": 24,
			"anim": "singLEFT",
			"indices": [],
			"name": "LEFT0"
		},
		{
			"offsets": [
				339,
				-84
			],
			"loop": false,
			"fps": 24,
			"anim": "singDOWN",
			"indices": [],
			"name": "DOWN0"
		},
		{
			"offsets": [
				51,
				10
			],
			"loop": false,
			"fps": 24,
			"anim": "laugh",
			"indices": [],
			"name": "transition"
		},
		{
			"offsets": [
				-395,
				-176
			],
			"loop": true,
			"fps": 24,
			"anim": "idle",
			"indices": [],
			"name": "IDLE0"
		}
	],
	"no_antialiasing": false,
	"image": "characters/girlfraud_assets",
	"position": [
		-1020,
		-580
	],
	"healthicon": "icon-girlfraud",
	"flip_x": false,
	"healthbar_colors": [
		166,
		0,
		76
	],
	"camera_position": [
		580,
		470
	],
	"sing_duration": 6.1,
	"scale": 0.7
}