{
	"animations": [
		{
			"loop": false,
			"offsets": [
				-146,
				148
			],
			"anim": "idle",
			"fps": 24,
			"name": "idle",
			"indices": []
		},
		{
			"loop": false,
			"offsets": [
				523,
				12
			],
			"anim": "singLEFT",
			"fps": 24,
			"name": "left",
			"indices": []
		},
		{
			"loop": false,
			"offsets": [
				490,
				13
			],
			"anim": "singDOWN",
			"fps": 24,
			"name": "down",
			"indices": []
		},
		{
			"loop": false,
			"offsets": [
				602,
				-29
			],
			"anim": "singUP",
			"fps": 24,
			"name": "up",
			"indices": []
		},
		{
			"loop": false,
			"offsets": [
				225,
				42
			],
			"anim": "singRIGHT",
			"fps": 24,
			"name": "right",
			"indices": []
		}
	],
	"no_antialiasing": true,
	"image": "characters/james",
	"position": [
		-750,
		-660
	],
	"healthicon": "icon-james",
	"flip_x": false,
	"healthbar_colors": [
		215,
		0,
		27
	],
	"camera_position": [
		580,
		440
	],
	"sing_duration": 6.1,
	"scale": 0.6
}