{
	"animations": [
		{
			"offsets": [
				0,
				0
			],
			"loop": false,
			"fps": 24,
			"anim": "idle",
			"indices": [],
			"name": "KATEIDLE"
		},
		{
			"offsets": [
				120,
				20
			],
			"loop": false,
			"fps": 24,
			"anim": "singLEFT",
			"indices": [],
			"name": "KATELEFT"
		},
		{
			"offsets": [
				110,
				0
			],
			"loop": false,
			"fps": 24,
			"anim": "singDOWN",
			"indices": [],
			"name": "KATEDOWN"
		},
		{
			"offsets": [
				-40,
				90
			],
			"loop": false,
			"fps": 24,
			"anim": "singUP",
			"indices": [],
			"name": "KATEUP"
		},
		{
			"offsets": [
				-20,
				40
			],
			"loop": false,
			"fps": 24,
			"anim": "singRIGHT",
			"indices": [],
			"name": "KATERIGHT"
		},
		{
			"offsets": [
				-10,
				0
			],
			"loop": false,
			"fps": 24,
			"anim": "laugh",
			"indices": [],
			"name": "laugh"
		}
	],
	"no_antialiasing": false,
	"image": "characters/kate_assets",
	"position": [
		-960,
		-590
	],
	"healthicon": "icon-kate",
	"flip_x": false,
	"healthbar_colors": [
		0,
		55,
		55
	],
	"camera_position": [
		550,
		530
	],
	"sing_duration": 6.1,
	"scale": 0.6
}