{
	"animations": [
		{
			"offsets": [
				1,
				42
			],
			"loop": false,
			"fps": 24,
			"anim": "idle",
			"indices": [],
			"name": "idle0"
		},
		{
			"offsets": [
				46,
				32
			],
			"loop": false,
			"fps": 24,
			"anim": "singLEFT",
			"indices": [],
			"name": "left"
		},
		{
			"offsets": [
				903,
				-179
			],
			"loop": false,
			"fps": 24,
			"anim": "singDOWN",
			"indices": [],
			"name": "down"
		},
		{
			"offsets": [
				1155,
				187
			],
			"loop": false,
			"fps": 24,
			"anim": "singUP",
			"indices": [],
			"name": "up"
		},
		{
			"offsets": [
				828,
				95
			],
			"loop": false,
			"fps": 24,
			"anim": "singRIGHT",
			"indices": [],
			"name": "right"
		},
		{
			"offsets": [
				-4,
				-181
			],
			"loop": false,
			"fps": 24,
			"anim": "idle-alt",
			"indices": [],
			"name": "idle no mic"
		},
		{
			"offsets": [
				37,
				84
			],
			"loop": false,
			"fps": 24,
			"anim": "mic",
			"indices": [],
			"name": "get the mic"
		}
	],
	"no_antialiasing": false,
	"image": "characters/ralph",
	"position": [
		-780,
		-730
	],
	"healthicon": "icon-ralph",
	"flip_x": false,
	"healthbar_colors": [
		34,
		38,
		51
	],
	"camera_position": [
		520,
		730
	],
	"sing_duration": 6.1,
	"scale": 0.6
}